Gender,Age,Batch,Grad_Year,Background,Major,Specialization,University,City,Student_Type,Selection_Reason,Job_Domain,Job_Role,Salary,Satisfaction,Status,Job_Support_Rating,Job_Support_Explain,Faculty_Rating,Faculty_Explain,Resources_Rating,Resources_Explain,Labs_Rating,Labs_Explain,Sports_Rating,Sports_Explain,Cafe_Rating,Cafe_Explain,Hostel_Rating,Hostel_Explain,Events_Rating,Events_Explain,Campus_Rating,Campus_Explain,Mgmt_Rating,Mgmt_Explain,Overall_Rating,Overall_Explain,Hardships,Lessons,Recommend,Recommend_Why,Job_Ready,Platform_Wish,Final_Comments,Repairing_Things,Working_Outdoors,Building_Things,Fixing_Appliances,Operating_Machines,Building_Models,Organizing_Info,Handling_Records,Balancing_Budgets,Meeting_Records,Systematic_Schedules,Finding_Errors,Solving_Problems,Experimenting,Investigating_Causes,Logic_Discussion,Analyzing_Graphs,Music_Activities,Designing_Posters,Writing_Plays,Acting_Films,Creative_Ideas,Teaching_Others,Helping_People,Volunteer_Work,Charity_Activities,Training_Others,Including_Others,Leading_Groups,Presenting_Ideas,Persuading_People,Leadership_Goal,Taking_Risks,Competitive_Situations,Submission_Status
Male,23.0,2020.0,2024.0,FSc Pre-Engineering,STEM,Computer Science,"National University Of Computer And Emerging Sciences, Islamabad",Islamabad,Studying only,Job placement and career opportunities,IT,Software Engineer,100k – 200k,4.0,Employed within 3 months,3.0,placement office is slow but the FAST tag gets you interviews automatically,5.0,teachers like Sir Taimur make you work hard but you learn actual coding,3.0,internet in the library disconnects a lot during peak hours,5.0,labs have good i7 machines but ac is too cold sometimes,2.0,cricket ground is basically just a dusty patch near the gate,3.0,suffa cafe has decent rolls but gets too crowded,1.0,,2.0,nascon is the only big event otherwise its dead,2.0,campus is tiny just 3 buildings and a lawn,2.0,admin charges fines for everything even 1 min late,4.0,the ragra was brutal but i got a job instantly,mental health issues due to gpa,how to survive pressure,Yes,best ROI in pakistan,Somewhat,Yes,,3,5,4,5,5,5,4,4,4,3,2,3,5,4,4,5,4,2,3,2,2,3,4,3,3,2,4,3,4,4,4,3,3,3,Done
Male,25.0,2018.0,2022.0,A-Levels (Science),STEM,Electrical Engineering,"National University Of Science & Technology, Islamabad",Islamabad,Studying only,Based on university ranking/reputation,Engineering,Power Engineer,50k – 100k,3.0,Employed within 6 months,4.0,NUST placement office sends CVs to big power companies,4.0,SEECS faculty is research oriented specially dr hammada,5.0,central library is world class best place to study,5.0,high voltage lab is state of the art,5.0,sports complex has everything swimming pool is clean,5.0,C1 and C2 have so many food options,4.0,hostels are clean but mess food is repetitive,5.0,orientation week and olympiads are best in pakistan,5.0,H-12 is massive you need shuttle to get around,2.0,admin makes you run from office to office for one signature,5.0,best 4 years of my life,relative grading is unfair,networking is key,Yes,brand name and alumni network,Yes,Yes,,3,3,3,3,3,4,2,2,4,2,3,2,5,5,3,3,5,4,3,4,3,3,3,3,2,3,2,3,4,3,4,2,2,2,Done
Female,24.0,2019.0,2023.0,ICS,STEM,Software Engineering,"Comsats University Islamabad, Islamabad",Islamabad,Studying only,Location and accessibility,IT,QA Engineer,50k – 100k,3.0,Employed within 12 months,3.0,they focus more on research papers than industry jobs,3.0,visiting faculty cancels classes a lot,4.0,library is huge and has digital access to ieee,3.0,labs are okay but keyboards are often broken,3.0,good ground for cricket but girls sports are limited,5.0,ayaans cafe tea is famous and food is cheap,2.0,did not live in hostel but heard water issues,4.0,student week is very hype,4.0,campus is beautiful specially the walkway near library,2.0,guards are very rude regarding id cards,3.0,good for research bad for industry skills,strict proctoring in exams,research methodology,Yes,good if you want to go abroad,Somewhat,Yes,,5,5,4,4,5,5,2,4,3,2,3,3,4,4,5,5,5,4,4,4,5,3,4,2,4,4,3,4,3,4,2,3,4,4,
Male,26.0,2017.0,2021.0,FSc Pre-Engineering,Business & Economics,BBA,"Bahria University, E-8 Campus, Islamabad",Islamabad,Studying along with a job,Location and accessibility,Business,Marketing Manager,100k – 200k,4.0,Employed within 6 months,3.0,business school has good links with navy orgs,4.0,marketing teachers are from corporate sector,3.0,library is quiet but closes too early,3.0,computer labs are outdated,2.0,gym is there but very small,4.0,cafe has good ambiance and fast food,1.0,,4.0,concerts happen every semester,4.0,E-8 location is prime but parking is a nightmare,3.0,management is cooperative mostly,4.0,balanced social life and study,parking fights,presentation skills,Yes,social grooming is good,Somewhat,Yes,,3,1,2,1,3,3,4,4,4,5,4,5,3,4,3,3,2,4,2,4,2,3,4,3,4,3,3,2,4,3,4,4,5,3,
Female,23.0,2020.0,2024.0,A-Levels (Business),Social Sciences,Psychology,"International Islamic University, Islamabad",Islamabad,Studying only,Fee structure,Healthcare,HR Intern,Less than 50k,2.0,Still searching,1.0,zero support for psychology students placement is only for engineering,3.0,female campus teachers are strict about attendance,2.0,library books are very old editions,1.0,no specific labs for us,2.0,separate sports complex is there but maintenance is zero,3.0,cafeteria is cheap but not hygienic,3.0,hostel curfew is very strict at 7pm,1.0,cultural day is the only event,4.0,faisal mosque view is the only good thing,2.0,transport buses are always overcrowded and late,3.0,good if you are on a budget,bus commute struggles,patience with admin,Maybe,only for religious environment,No,Yes,,4,4,3,4,2,4,4,2,3,4,3,4,4,4,3,2,3,3,2,3,3,2,5,5,4,5,5,4,2,4,4,3,2,2,
Male,24.0,2019.0,2023.0,ICS,STEM,Cyber Security,"Air University, Islamabad",Islamabad,Studying only,Location and accessibility,IT,Security Analyst,100k – 200k,5.0,Employed within 3 months,4.0,PAF links help in getting defense sector internships,4.0,CS faculty is very stable and experienced,4.0,digital library access is good,5.0,security labs have kali linux and good servers,3.0,table tennis and badminton only,3.0,cafe is small and gets overcrowded in break,1.0,,3.0,air tech event is technical and good,4.0,campus is compact but view of margalla is nice,4.0,very disciplined environment due to air force admin,4.0,focused environment for study,strict dress code,discipline,Yes,emerging best for cyber,Yes,Yes,,5,4,5,3,4,4,2,2,3,4,4,2,4,5,5,4,4,5,4,5,3,3,4,3,3,4,3,3,2,3,2,2,3,3,
Female,22.0,2021.0,2025.0,FSc Pre-Medical,Social Sciences,Media Studies,"Riphah International University, Islamabad",Islamabad,Studying only,Course outline,Media,Content Creator,50k – 100k,4.0,Employed within 6 months,3.0,media dept helps find internships in news channels,4.0,teachers are working journalists so practical knowledge is good,3.0,studio equipment is available but limited,4.0,editing labs are mac based,1.0,no sports facilities for girls,3.0,desie food options are good,4.0,hostels are strict but secure,3.0,islamic culture is dominant so no music concerts,3.0,campus is basically a building in I-14,4.0,management is ethical and responsive,4.0,good if you want islamic environment,long commute to I-14,ethics and values,Yes,value based education,Somewhat,Yes,,3,4,4,4,4,4,4,2,4,4,4,3,3,5,5,4,3,4,3,4,3,4,5,5,4,4,5,5,3,3,4,2,3,4,
Male,25.0,2018.0,2022.0,DAE / Diploma,STEM,Civil Engineering,"Capital University Of Science And Technology, Islamabad",Islamabad,Studying along with a job,Influence of teachers,Construction,Site Engineer,50k – 100k,3.0,Employed within 12 months,3.0,placement bureau is active but construction jobs are less,4.0,civil dept faculty is very experienced,3.0,online portal works well for notes,5.0,concrete and soil labs are heavy duty,4.0,basketball court is well maintained,3.0,cafe is clean but menu is limited,1.0,,3.0,visio spark is the main event,4.0,purpose built campus with good architecture,3.0,fines for dress code are annoying,3.0,good infrastructure,load shedding in summers,practical skills,Maybe,good backup for engineering,Somewhat,Yes,,4,5,5,5,4,5,2,3,2,3,3,2,4,5,4,3,5,3,3,2,1,2,4,3,3,2,3,3,4,4,4,2,2,2,
Male,24.0,2019.0,2023.0,FSc Pre-Engineering,STEM,Electrical,"PIEAS, Islamabad",Islamabad,Studying only,Ranking,Engineering,Control Engineer,100k – 200k,5.0,Employed before graduation,5.0,fellowship ensures job at PAEC after graduation,5.0,faculty are top scientists of pakistan,4.0,library has access to expensive journals,5.0,labs are restricted but world class,4.0,sports are encouraged to relieve stress,3.0,mess food is average but subsidized,5.0,hostel life is best everyone is intellectual,3.0,technical events only,4.0,far from city but peaceful,5.0,very smooth academic calendar,5.0,elite institute for engineering,academic pressure is insane,time management,Yes,only for toppers,Yes,Yes,,4,3,4,3,4,4,2,4,2,4,4,3,3,4,4,5,4,4,4,3,2,4,4,4,2,2,2,2,4,2,4,4,4,2,
Female,23.0,2020.0,2024.0,ICS,STEM,CS,"Quaid-e-azam University, Islamabad",Islamabad,Studying only,Ranking,IT,Data Scientist,50k – 100k,3.0,Still searching,1.0,no career fair for CS students mostly academic focus,3.0,teachers are phd but teaching style is old,2.0,library is haunted and old,3.0,labs are crowded with old pcs,5.0,hiking trails and open sports grounds are best,3.0,huts offer cheap chai and paratha,2.0,hostel politics make it unsafe sometimes,4.0,cultural nights are diverse and fun,5.0,campus is a forest very scenic,2.0,strikes happen every other month closing the uni,3.0,great for research bad for timely graduation,political clashes,survival of fittest,Yes,if you want to do phd later,No,Yes,None.,5,4,5,5,5,5,4,4,3,2,2,2,4,3,5,4,3,3,4,3,2,2,2,4,2,3,3,4,2,4,4,2,3,2,
Male,27.0,2016.0,2020.0,A-Levels (Arts),Social Sciences,International Relations,"National Defence University, Islamabad",Islamabad,Studying along with a job,Reputation,Government,Analyst,100k – 200k,5.0,Employed within 12 months,3.0,hard to break into govt jobs without css,5.0,professors are retired generals and ambassadors,4.0,library has exclusive defense archives,1.0,,3.0,gym is decent,4.0,officers mess is high quality,1.0,,3.0,seminars with foreign delegates are common,5.0,high security zone very clean,3.0,security checks take 20 mins every day,5.0,prestigious degree for IR,elite peer pressure,critical analysis,Yes,best for policy studies,Somewhat,Yes,,4,3,2,2,4,4,4,2,2,3,4,2,5,5,3,3,3,3,3,4,2,3,5,5,5,4,5,5,5,5,4,3,4,4,
Female,22.0,2021.0,2025.0,I.Com,Business & Economics,Accounting,"Szabist, Islamabad",Islamabad,Studying only,Location,Business,Accountant,Less than 50k,2.0,Employed within 6 months,2.0,career services are just formal nothing practical,3.0,visiting faculty from corporate is good,3.0,library is small room,2.0,computer labs are average,1.0,no ground just a basement for table tennis,2.0,tuck shop options are bad,1.0,,4.0,zambeel fest is the highlight,2.0,campus is just one building in blue area,3.0,cooperative staff,3.0,good degree but zero campus life,feeling trapped in building,corporate grooming,Maybe,for degree only,No,Yes,,2,3,3,3,2,3,5,4,5,5,5,5,4,2,3,2,3,4,4,4,2,4,3,4,3,3,4,3,4,5,5,4,5,4,
Male,24.0,2019.0,2023.0,FSc Pre-Engineering,STEM,Mechanical,"Institute Of Space Technology, Islamabad",Islamabad,Studying only,Ranking,Engineering,Aerospace Engineer,100k – 200k,4.0,Employed within 6 months,4.0,links with suparco help,5.0,teachers are very passionate about aerospace,4.0,labs have wind tunnels,5.0,observatory is unique to IST,4.0,sports gala is competitive,3.0,food is standard canteen stuff,3.0,hostel is far on highway,4.0,space week is very popular,4.0,scenic location out of city,4.0,admin is strict but fair,5.0,unique niche in pakistan,tough grading policy,precision engineering,Yes,if you love planes,Yes,Yes,,5,5,5,4,4,5,3,4,3,4,4,2,5,4,5,5,5,2,3,3,4,3,3,4,3,2,4,3,3,2,4,4,4,3,
Female,23.0,2020.0,2024.0,A-Levels (Science),STEM,Architecture,"NUST, Islamabad",Islamabad,Studying only,Ranking,Architecture,Junior Architect,50k – 100k,3.0,Employed within 3 months,3.0,architecture market is saturated placement doesnt help much,5.0,SADA faculty pushes you to limit,5.0,resource center has good plotting machines,5.0,studio culture is amazing,3.0,no time for sports,4.0,C1 cafe is lifesaver during all nighters,4.0,hostels are safe,3.0,missed most events due to jury submissions,5.0,H-12 is inspiring for architects,3.0,admin paperwork is slow,4.0,exhausting but worth it,sleepless nights for jury,design thinking,Yes,top school for architecture,Somewhat,Yes,,4,5,5,5,4,3,2,4,2,4,3,4,4,4,4,5,5,3,2,1,2,3,2,2,2,2,4,4,4,4,3,2,2,4,
Male,25.0,2018.0,2022.0,ICS,STEM,CS,"FAST NUCES, Islamabad",Islamabad,Studying only,Job placement and career opportunities,IT,DevOps Engineer,200k – 400k,5.0,Employed before graduation,5.0,companies come to campus to hire us before finals,4.0,teachers are brutal with grading but fair,3.0,library needs more plugs for laptops,5.0,labs are open 24/7 for FYP,1.0,sports? we dont have time,2.0,cafe food is oily,1.0,,1.0,no events allowed basically,2.0,campus feels like a school,1.0,management is arrogant,4.0,hated the process loved the result,failing courses,resilience,Yes,ticket to high salary,Yes,Yes,,5,5,4,5,5,4,2,4,4,2,2,3,5,5,5,5,5,4,5,3,5,5,4,2,3,4,4,3,4,4,2,4,2,3,
Female,24.0,2019.0,2023.0,FSc Pre-Engineering,STEM,Electrical,"Bahria University, H-11 Campus, Islamabad",Islamabad,Studying only,Location,Engineering,Telecom Engineer,50k – 100k,3.0,Employed within 12 months,2.0,engineering jobs are less placement office focuses on BBA,3.0,faculty is average mostly visiting,3.0,library is good for sleeping,4.0,labs are brand new in H-11,2.0,ground is dusty and unmaintained,3.0,cafe is expensive,1.0,,3.0,events are frequent,3.0,H-11 campus is still under construction,2.0,parking is a daily war,3.0,average engineering experience,dust and construction noise,flexibility,Yes,good social life,No,Yes,,4,3,4,3,4,4,3,3,4,4,4,4,4,5,3,3,4,4,4,2,2,2,2,3,2,3,3,3,4,3,4,2,4,2,
Male,23.0,2020.0,2024.0,ICS,STEM,CS,"Federal Urdu University, Islamabad",Islamabad,Studying along with a job,Fee structure,IT,Support Engineer,Less than 50k,2.0,Still searching,1.0,no placement cell whatsoever,2.0,teachers are often absent,1.0,library has no recent books,1.0,labs computers dont work,1.0,no sports ground,2.0,canteen is unhygienic,1.0,,1.0,no events,1.0,campus is a rented house basically,1.0,management loses documents frequently,1.0,regret admission here,power outages in class,self teaching,No,save your money,No,No,,5,4,4,5,4,5,2,3,4,2,4,4,5,5,4,5,4,1,1,1,1,2,2,3,4,2,4,4,3,2,3,4,3,3,
Male,26.0,2017.0,2021.0,A-Levels (Mixed Subjects),Business & Economics,Economics,"Quaid-e-azam University, Islamabad",Islamabad,Studying only,Ranking,Business,Economist,50k – 100k,4.0,Employed within 12 months,2.0,academic career path mostly no corporate links,5.0,economics school is oldest and best in country,3.0,library is good for archives,2.0,no labs needed,4.0,walking in university is great exercise,3.0,huts are classic,4.0,hostel culture is strong,3.0,cultural events are political,5.0,best nature in islamabad,2.0,admin is very bureaucratic,4.0,strong academic foundation,strikes,critical theory,Yes,best for economics,No,Yes,,2,2,2,3,1,3,5,4,5,5,5,5,2,3,2,4,2,4,2,4,2,4,3,4,3,3,3,2,5,3,5,3,5,3,
Female,24.0,2019.0,2023.0,FSc Pre-Engineering,STEM,Software Engineering,"Air University, Islamabad",Islamabad,Studying only,Location,IT,App Developer,100k – 200k,4.0,Employed within 3 months,4.0,career fair attracts good software houses,4.0,faculty is very supportive,3.0,library is small,4.0,labs are good,2.0,sports are limited,3.0,cafe is okay,1.0,,3.0,air tech is good,4.0,campus is safe and clean,4.0,admin is disciplined,4.0,smooth degree process,strict timing,coding standards,Yes,good mid tier option,Yes,Yes,,5,5,3,4,4,3,3,3,4,3,3,2,4,4,3,5,3,4,3,5,3,3,3,3,4,2,4,4,2,2,2,2,4,2,
Male,25.0,2018.0,2022.0,ICS,STEM,CS,"Foundation University, Islamabad",Islamabad,Studying only,Location,Healthcare,Data Entry,Less than 50k,2.0,Still searching,2.0,placement focuses on medical students,3.0,CS faculty is average,3.0,library is decent,3.0,labs are average,3.0,sports complex is shared,4.0,cafeteria is clean,1.0,,3.0,fauji foundation events,4.0,campus is very clean and green,4.0,very strict rules,3.0,okay for medical not for CS,strict discipline,discipline,Maybe,only for medical,No,Yes,,4,5,5,4,4,3,4,4,2,2,4,2,5,4,5,4,5,1,3,1,3,3,4,3,4,3,4,3,4,4,4,4,2,2,
,,,,,,,,,,,,,,,,,,,,,,,,,,,,,,,,,,,,,,,,,,Somewhat,Yes,,2,4,2,3,2,2,3,2,2,3,2,3,4,2,2,4,4,2,4,2,3,3,2,4,3,3,3,4,4,3,4,4,2,4,
Male,24.0,2019.0,2023.0,FSc Pre-Engineering,STEM,Civil Engineering,"NUST, Islamabad",Islamabad,Studying only,Reputation,Construction,Site Engineer,50k – 100k,3.0,Employed within 6 months,4.0,civil alumni network is strong in NESPAK and housing societies,5.0,professors are authors of codes used in pakistan,4.0,library has huge civil section,5.0,earthquake engineering center is one of a kind,5.0,cricket ground in H-12 is international standard,4.0,concordia 1 has best tea,4.0,hostels near nice have good views,5.0,olympiad is insane,5.0,walking from gate 10 to nice is a workout but beautiful,3.0,security guards check bags like we are criminals,5.0,proud nustian,transport issues inside campus,networking,Yes,best campus life,Yes,Yes,,4,5,5,4,3,5,2,2,3,3,2,2,4,5,5,4,4,2,2,2,4,2,3,3,4,3,3,4,4,2,2,2,3,3,
Female,23.0,2020.0,2024.0,ICS,STEM,CS,"FAST NUCES, Islamabad",Islamabad,Studying only,Job placement,IT,Frontend Dev,100k – 200k,4.0,Employed within 3 months,4.0,companies know we can code blindfolded,2.0,some visiting teachers just read pdfs and leave,3.0,library is always full during exam week no space to sit,4.0,mac labs are good for ios dev,1.0,no ground means no sports,2.0,food is oily and causes stomach issues,1.0,,1.0,management cancelled our welcome party,2.0,claustrophobic feel,2.0,they fine you if you forget id card,4.0,mental torture but financial gain,depression and anxiety,survival skills,Yes,money talks,Yes,Yes,,5,4,5,5,5,5,2,2,4,3,4,4,3,4,3,3,3,1,2,3,1,1,3,4,3,3,2,2,4,3,3,2,4,2,
Male,25.0,2018.0,2022.0,A-Levels (Business),Business & Economics,Accounting,"Bahria University, E-8 Campus, Islamabad",Islamabad,Studying along with a job,Location,Finance,Auditor,50k – 100k,3.0,Employed within 12 months,3.0,career office focuses more on marketing students,4.0,acca qualified teachers are great,3.0,library is decent,2.0,computer labs have viruses mostly,2.0,gym is tiny,5.0,sweet tooth and subway are inside campus,1.0,,5.0,concerts are the main attraction,3.0,parking is literally impossible after 9am,3.0,student support center is helpful,4.0,chill scene and degree,parking rage,balancing work study,Yes,stress free life,Somewhat,Yes,,2,4,3,2,3,4,3,4,5,5,4,3,4,2,2,2,3,3,4,2,2,4,2,3,3,2,3,4,5,4,5,4,5,3,
Female,22.0,2021.0,2025.0,FSc Pre-Medical,Social Sciences,Psychology,"Foundation University, Islamabad",Islamabad,Studying only,Location,Healthcare,Psychologist,Less than 50k,4.0,Still searching,2.0,they only care about mbbs students,5.0,psychology dept has practicing doctors,3.0,library is quiet,3.0,testing labs are available,3.0,sports complex is separate for girls,4.0,cafeteria is subsidized,1.0,,3.0,mental health day is celebrated well,4.0,very peaceful environment near river,4.0,strict attendance rules,4.0,good learning environment,exam stress,empathy,Yes,good faculty,No,Yes,,3,4,2,2,3,2,4,3,2,2,2,2,3,2,2,2,2,4,4,2,4,4,5,5,5,5,5,5,5,3,4,4,5,4,
Male,26.0,2017.0,2021.0,DAE / Diploma,STEM,Electrical,"Comsats University Islamabad, Islamabad",Islamabad,Studying along with a job,Fee structure,Engineering,Telecom Engineer,50k – 100k,3.0,Employed within 12 months,3.0,placement is okay for telecom,3.0,some teachers have huge ego issues,4.0,digital library is best,4.0,antenna labs are good,3.0,cricket tournaments are frequent,5.0,ayaans chai is best in winters,2.0,hostel water is often cold in winters,4.0,student week concerts are memorable,3.0,campus is nice but too many stray dogs,2.0,admin makes you run around for clearance,3.0,average experience,bus commute is tiring,patience,Maybe,middle class option,Somewhat,Yes,,5,4,5,4,5,4,3,3,3,2,3,3,4,4,4,3,3,3,2,2,2,3,4,4,3,4,4,2,2,2,2,2,3,4,
Female,24.0,2019.0,2023.0,ICS,STEM,Software Engineering,"International Islamic University, Islamabad",Islamabad,Studying only,Fee structure,IT,PHP Developer,50k – 100k,3.0,Employed within 6 months,2.0,no one guides about software industry trends,3.0,female campus teachers are knowledgeable,2.0,books are outdated,2.0,systems are i3 and very slow,2.0,badminton court is okay,3.0,cafeteria is cheap,3.0,hostel food is very spicy,1.0,no events allowed except naat competition,3.0,female campus is enclosed,2.0,transport buses are a nightmare of suffocation,3.0,economical degree,conservative environment,modest dressing,Maybe,cheapest option,No,Yes,,4,4,4,5,5,4,3,4,4,4,4,2,5,4,3,5,3,2,2,1,2,3,4,3,4,4,3,4,4,2,3,4,2,2,
Male,23.0,2020.0,2024.0,A-Levels (Science),STEM,AI,"Air University, Islamabad",Islamabad,Studying only,Location,IT,ML Engineer,100k – 200k,5.0,Employed within 3 months,5.0,air force projects give good exposure,4.0,dr zajaji is a legend in AI,4.0,library has good thesis collection,5.0,gpu labs are actually working,2.0,only table tennis available,3.0,food is standard nothing special,1.0,,3.0,air tech is technical and fun,4.0,margalla view is refreshing,5.0,very disciplined due to air force admin,5.0,rising star in CS,strict discipline,punctuality,Yes,good alternative to nust,Yes,Yes,,5,5,5,5,5,5,2,3,2,3,3,3,5,5,5,5,5,3,3,3,4,5,2,4,2,4,4,3,4,3,3,3,2,4,
Female,25.0,2018.0,2022.0,FSc Pre-Engineering,STEM,Architecture,"Comsats University Islamabad, Islamabad",Islamabad,Studying only,Ranking,Architecture,Architect,50k – 100k,3.0,Employed within 6 months,2.0,architecture jobs are self hunt,4.0,faculty is creative,3.0,library has good design books,5.0,studio is like second home,2.0,no time for sports,4.0,cafe is good for snacks,2.0,private hostels near uni are unsafe,4.0,thesis display is a big event,4.0,red brick campus looks aesthetic,3.0,guards are annoying,4.0,love hate relationship,studio sleepless nights,creativity,Yes,good design school,No,Yes,,4,5,4,5,4,5,2,3,2,3,3,4,3,4,5,3,4,4,4,4,3,3,3,2,2,2,2,4,2,2,3,2,4,3,
Male,24.0,2019.0,2023.0,ICS,STEM,CS,"Capital University Of Science And Technology, Islamabad",Islamabad,Studying only,Location,IT,Web Dev,50k – 100k,3.0,Employed within 6 months,3.0,placement bureau sends emails,3.0,average faculty,3.0,online portal is good,4.0,labs are air conditioned,3.0,basketball court is active,3.0,cafe is hygienic,1.0,,3.0,visio spark is good,4.0,building is modern,2.0,fines for jeans are ridiculous,3.0,decent backup option,strict rules,discipline,Maybe,if you dont get in fast,Somewhat,Yes,,5,4,4,4,5,4,4,4,3,3,4,3,4,5,5,5,5,4,2,3,4,2,4,3,4,3,2,3,2,4,2,3,2,2,
Female,22.0,2021.0,2025.0,I.Com,Business & Economics,BBA,"Szabist, Islamabad",Islamabad,Studying only,Location,Business,Sales Executive,Less than 50k,2.0,Still searching,2.0,career fair was small,4.0,teachers are from corporate sector,2.0,library is tiny,2.0,labs are average,1.0,no ground,2.0,tuck shop only,1.0,,3.0,zambeel is fun,2.0,campus is a commercial building,3.0,staff is polite,3.0,good education bad campus,lack of campus life,networking,Maybe,purely for degree,No,Yes,,3,3,3,3,3,2,4,5,4,3,3,3,4,4,4,3,2,3,2,3,4,2,2,4,3,4,4,4,5,5,5,5,4,5,
Male,27.0,2016.0,2020.0,FSc Pre-Engineering,STEM,Mechanical,"PIEAS, Islamabad",Islamabad,Studying only,Ranking,Engineering,Maintenance Engineer,100k – 200k,5.0,Employed before graduation,5.0,paec fellowship is a guaranteed job,5.0,teachers are scientists,4.0,library is extensive,5.0,labs are restricted access but top tier,4.0,sports are necessary for sanity here,3.0,mess food is edible,5.0,hostel community helps in studies,3.0,technical workshops are good,3.0,nilore is very far from city,5.0,zero admin issues,5.0,best for serious students,isolation from city,focus,Yes,elite status,Yes,Yes,,5,5,4,5,4,5,2,3,4,2,4,2,3,3,5,4,3,3,2,1,2,2,4,3,2,2,2,4,3,4,4,2,4,4,
Female,23.0,2020.0,2024.0,A-Levels (Mixed),Social Sciences,IR,"National Defence University, Islamabad",Islamabad,Studying along with a job,Reputation,Development,NGO Officer,50k – 100k,4.0,Employed within 12 months,3.0,un internships are shared,5.0,faculty includes ambassadors,4.0,defense archives are unique,1.0,,2.0,gym is okay,4.0,officers mess is classy,1.0,,3.0,international conferences,5.0,E-9 sector is very secure,2.0,entry process is a hassle daily,5.0,best place to learn diplomacy,security checks,critical thinking,Yes,prestige matters,Somewhat,Yes,,2,4,2,4,3,4,3,2,2,2,4,4,5,3,4,4,3,4,4,3,3,2,5,5,5,5,5,5,5,3,3,5,4,4,
Male,24.0,2019.0,2023.0,ICS,STEM,Cyber Security,"FAST NUCES, Islamabad",Islamabad,Studying only,Job placement,IT,SOC Analyst,100k – 200k,5.0,Employed within 3 months,5.0,cyber grads are in high demand,4.0,dr maud is very strict but good,3.0,library wifi is spotty,5.0,cyber range lab is cool,1.0,no sports,2.0,cafe is small,1.0,,1.0,no fun allowed,2.0,campus is suffocating,1.0,admin is rude,4.0,skills match market demand,stress management,technical skills,Yes,career boost,Yes,Yes,,5,4,5,5,5,5,2,4,3,2,3,2,4,4,4,5,5,3,2,3,1,1,4,2,2,4,2,4,4,3,3,4,4,2,
Female,25.0,2018.0,2022.0,FSc Pre-Medical,STEM,Biotechnology,"NUST, Islamabad",Islamabad,Studying only,Ranking,Research,Research Assistant,Less than 50k,3.0,Pursuing further studies,2.0,biotech market is small in pakistan,5.0,ASAB faculty is top notch,5.0,library access to nature journals,5.0,labs have pcr and sequencing machines,4.0,swimming pool is great,4.0,C2 food is yummy,4.0,hostels are safe,5.0,olympiad is fun,5.0,H-12 is beautiful,3.0,paperwork is slow,4.0,great for research abroad,low local job market,research skills,Yes,for going abroad,No,Yes,Good experience.,4,5,3,3,3,4,2,2,2,4,4,4,3,4,4,3,4,5,4,5,4,3,3,4,4,3,4,2,3,2,3,3,4,2,
Male,23.0,2020.0,2024.0,ICS,STEM,SE,"Bahria University, H-11 Campus, Islamabad",Islamabad,Studying only,Location,IT,Android Dev,50k – 100k,3.0,Employed within 6 months,3.0,placement office is active,3.0,faculty is mix of good and bad,3.0,library is decent,4.0,labs are new,2.0,dusty ground,3.0,cafe is pricey,1.0,,3.0,frequent events,3.0,H-11 is under construction,2.0,parking is a mess,3.0,average experience,construction dust,adaptability,Maybe,social life is good,Somewhat,No,,5,5,4,5,5,4,3,4,4,4,4,4,5,5,5,5,4,2,1,3,3,2,4,4,4,4,4,4,3,4,4,4,3,4,
Female,22.0,2021.0,2025.0,A-Levels (Arts),Arts & Humanities,English,"Quaid-e-azam University, Islamabad",Islamabad,Studying only,Ranking,Education,Lecturer,50k – 100k,4.0,Still searching,2.0,academic focus mostly,5.0,literature dept is historic,3.0,library is old,1.0,,4.0,walking tracks are nice,3.0,huts chai is famous,3.0,hostel politics is scary,4.0,diverse culture,5.0,margalla hills view,2.0,strikes disrupt semester,4.0,intellectual growth,political awareness,critical theory,Yes,for academia,No,Yes,,2,4,4,4,4,2,2,2,1,1,1,2,4,4,2,2,3,5,4,4,5,5,4,4,4,2,4,3,2,2,3,3,4,2,
Male,26.0,2017.0,2021.0,DAE / Diploma,STEM,Electrical,"Riphah International University, Islamabad",Islamabad,Studying along with a job,Fee structure,Engineering,Field Engineer,50k – 100k,3.0,Employed within 12 months,3.0,placement is average,3.0,faculty is okay,3.0,library is standard,3.0,labs are functional,2.0,cricket ground is there,3.0,desie food,3.0,hostel is strict,2.0,naat competitions mostly,3.0,I-14 is far,4.0,islamic values,3.0,decent for the price,travel distance,ethics,Maybe,budget friendly,Somewhat,Yes,,4,4,3,4,4,4,3,2,2,4,3,2,4,5,5,3,5,3,3,2,2,3,4,4,2,3,4,2,3,3,2,2,3,3,
Female,24.0,2019.0,2023.0,FSc Pre-Engineering,STEM,CS,"Institute Of Space Technology, Islamabad",Islamabad,Studying only,Ranking,IT,Data Analyst,50k – 100k,4.0,Employed within 6 months,3.0,suparco influence is strong,4.0,teachers are helpful,3.0,library is good,4.0,labs are good,3.0,sports week is fun,3.0,food is okay,3.0,hostel is on highway,4.0,space week is cool,4.0,scenic location,4.0,admin is disciplined,4.0,good disciplined uni,commute,discipline,Yes,disciplined environment,Somewhat,Yes,,4,4,5,5,5,3,2,3,4,2,3,4,5,4,4,4,3,5,3,5,4,3,3,2,3,4,4,4,2,4,2,3,4,3,
Male,25.0,2018.0,2022.0,ICS,STEM,CS,"Federal Urdu University, Islamabad",Islamabad,Studying along with a job,Fee structure,IT,Network Support,Less than 50k,2.0,Still searching,1.0,zero placement help,2.0,teachers miss classes,1.0,no books in library,1.0,labs are broken,1.0,no sports,2.0,unhygienic canteen,1.0,,1.0,no events,1.0,rented building,1.0,admin is incompetent,1.0,worst decision,load shedding,self study,No,degree mill,No,Yes,,4,5,4,5,5,4,2,2,3,4,4,4,4,4,4,4,5,5,3,4,5,5,3,2,4,3,2,4,4,4,4,4,3,2,
Female,23.0,2020.0,2024.0,A-Levels (Science),STEM,Electrical,"National University Of Technology, Islamabad",Islamabad,Studying only,Location,Engineering,Trainee Engineer,50k – 100k,4.0,Employed within 6 months,5.0,fwo projects help in jobs,4.0,practical focused teachers,3.0,library is growing,5.0,labs are industrial grade,2.0,sports are limited,3.0,food is standard,1.0,,2.0,study focus mostly,4.0,disciplined campus,5.0,army admin is efficient,4.0,practical skills are good,strict routine,punctuality,Yes,industry skills,Yes,Yes,,5,4,5,4,4,5,4,4,3,4,2,2,5,4,3,3,5,3,3,3,1,2,3,3,3,2,2,4,4,3,4,4,3,3,
,,,,,,,,,,,,,,,,,,,,,,,,,,,,,,,,,,,,,,,,,,Somewhat,Yes,,3,4,3,2,3,3,2,2,2,4,2,2,2,4,2,3,4,4,3,4,4,2,3,4,4,2,3,2,4,4,4,4,4,3,
Male,22.0,2021.0,2025.0,FSc Pre-Engineering,STEM,CS,"FAST NUCES, Islamabad",Islamabad,Studying only,Job placement,IT,React Developer,100k – 200k,5.0,Employed before graduation,5.0,software houses literally camp outside fast to hire us,2.0,some teachers have huge egos and give F grades for fun,3.0,library is too small for the amount of students we have,5.0,labs are open 24/7 during fyp week which saves lives,1.0,ground is just a mud patch in G-block,3.0,suffa chai is the only thing keeping us sane,1.0,,1.0,nascon is the only event otherwise its dead,2.0,campus is tiny feels like a high school,2.0,dc committee is very active they fine you for playing cards,4.0,ragra is real but it makes you a diamond,mental breakdown,time management,Yes,guaranteed job,Yes,Yes,,5,5,3,4,5,4,4,2,4,2,4,3,4,5,5,3,4,4,2,3,4,3,4,2,2,4,2,2,3,3,3,3,4,2,
Female,24.0,2019.0,2023.0,A-Levels (Science),STEM,Architecture,"NUST, Islamabad",Islamabad,Studying only,Ranking,Architecture,Junior Architect,50k – 100k,3.0,Employed within 6 months,3.0,architecture market is slow but nust tag helps,5.0,SADA faculty is brilliant but they overwork you,5.0,central library is the best place to sleep between classes,5.0,studio access is 24/7 for architecture students,3.0,sports complex is far from sada so we rarely go,5.0,C1 fries and paratha rolls are legendary,4.0,razi hostel is good but curfew is annoying,5.0,olympiad and welcome parties are insane,5.0,H-12 is massive and green love walking here,2.0,shuttle timing is unreliable sometimes,4.0,studio culture is toxic but you learn a lot,sleepless nights,design thinking,Yes,best campus life,Somewhat,Yes,,5,5,5,5,5,5,2,2,2,2,4,2,5,4,4,3,4,3,3,3,4,3,4,2,2,3,3,2,3,2,4,3,2,4,
Male,25.0,2018.0,2022.0,ICS,STEM,CS,"Comsats University Islamabad, Islamabad",Islamabad,Studying only,Location,IT,Backend Dev,50k – 100k,3.0,Employed within 12 months,3.0,placement office exists but you have to apply yourself,3.0,semester system is relaxed compared to fast,4.0,junaid zaidi library is huge and aesthetic,3.0,labs in N-block are okay but some pcs are slow,4.0,cricket ground is always booked,5.0,ayaans tea stall is the heart of comsats,2.0,private hostels in park road are unsafe,4.0,student week concerts are actually good,3.0,campus is nice but walking from gate to dept is a hike,2.0,yellow buses are always overcrowded and drivers are rash,3.0,good middle class option,bus commute,survival,Yes,balanced life,Somewhat,Yes,,5,5,4,5,4,3,3,2,4,3,4,4,5,5,5,4,5,1,1,1,2,3,3,4,3,2,2,4,3,4,2,3,3,2,
Female,23.0,2020.0,2024.0,A-Levels (Business),Business & Economics,BBA,"Bahria University, E-8 Campus, Islamabad",Islamabad,Studying along with a job,Location,Business,HR Executive,50k – 100k,4.0,Employed within 6 months,3.0,they focus a lot on corporate grooming,4.0,faculty is mostly visiting from corporate companies,3.0,library is decent for group studies,3.0,computer labs are average,2.0,gym is very small,4.0,cafe food is good specially the pasta,1.0,,4.0,social life is the best feature here,4.0,E-8 location is elite,1.0,parking is a nightmare i spent 20 mins finding a spot daily,4.0,chill scene and good degree,parking issues,networking,Yes,social grooming,Somewhat,Yes,,3,4,4,2,2,3,5,5,5,5,5,5,2,2,3,3,4,3,3,3,3,4,2,4,2,3,4,2,5,5,5,5,5,4,
Male,26.0,2017.0,2021.0,FSc Pre-Engineering,Social Sciences,Anthropology,"Quaid-e-azam University, Islamabad",Islamabad,Studying only,Ranking,NGO,Field Researcher,50k – 100k,4.0,Employed within 12 months,2.0,career expo is useless for social sciences,5.0,anthropology dept is the best in south asia,2.0,library is old and scary at night,1.0,,4.0,hiking trails behind physics dept are cool,5.0,huts chai paratha is an emotion not just food,2.0,hostel councils fight a lot its unsafe,3.0,cultural nights are fun but get political,5.0,campus is a literal forest very peaceful,2.0,strikes happen every semester causing delays,4.0,intellectual freedom is high,politics,critical thinking,Yes,for open minds,No,Yes,,3,4,2,4,3,3,2,4,2,4,2,3,3,5,3,5,4,3,4,3,3,4,4,4,4,5,3,4,2,2,2,3,2,4,
Male,24.0,2019.0,2023.0,ICS,STEM,Cyber Security,"Air University, Islamabad",Islamabad,Studying only,Location,IT,SOC Analyst,100k – 200k,5.0,Employed within 3 months,4.0,nafstec job fair is actually useful,4.0,cyber security faculty is very experienced,4.0,digital library is good,5.0,labs have kali linux installed and good specs,2.0,sports are limited to table tennis mostly,3.0,cafe is small and expensive,1.0,,3.0,airtech is the only big technical event,4.0,margalla view from rooftop is amazing,5.0,admin is strict about dress code and id cards,4.0,rising star in computing field,strict rules,discipline,Yes,best for cyber,Yes,Yes,None.,5,5,4,5,5,4,3,2,3,3,3,3,3,4,4,4,3,2,1,2,1,2,4,3,4,3,2,3,2,2,3,4,3,4,
Female,22.0,2021.0,2025.0,FSc Pre-Medical,STEM,Biotechnology,"NUST, Islamabad",Islamabad,Studying only,Ranking,Research,Research Assistant,Less than 50k,3.0,Pursuing further studies,2.0,biotech jobs are non existent in pakistan,5.0,ASAB teachers are researchers mostly,5.0,library has access to springer and ieee,5.0,labs have pcr machines and sequencing tools,4.0,swimming pool is separate for girls,4.0,C2 food is good but gets boring,4.0,fatima hostel is nice but mess food is oily,5.0,nust olympiad is the highlight of the year,5.0,H-12 is beautiful specially in rain,3.0,cms portal crashes every time during course registration,4.0,great for research bad for jobs,academic pressure,research skills,Yes,if you want to go abroad,No,Yes,,4,5,5,4,4,5,2,2,4,3,4,4,5,4,3,5,4,3,4,4,3,2,4,3,2,4,4,2,2,3,4,3,2,3,
Male,25.0,2018.0,2022.0,DAE / Diploma,STEM,Mechanical,"Institute Of Space Technology, Islamabad",Islamabad,Studying only,Ranking,Engineering,Design Engineer,50k – 100k,4.0,Employed within 6 months,4.0,suparco hires top grads directly,4.0,faculty is passionate about aerospace,3.0,library is quiet,5.0,wind tunnel lab is unique in pakistan,3.0,sports gala is competitive,3.0,food is average canteen style,3.0,hostel is far near rawat,4.0,world space week is a big deal here,3.0,location is very far from islamabad city,4.0,admin is disciplined,4.0,unique niche but isolated location,commute is long,discipline,Yes,if you love space,Yes,Yes,,5,5,5,5,4,4,2,3,4,3,3,2,4,5,5,5,3,3,2,1,2,1,4,4,3,2,4,3,2,3,2,3,3,4,
Female,23.0,2020.0,2024.0,ICS,STEM,SE,"International Islamic University, Islamabad",Islamabad,Studying only,Fee structure,IT,Web Developer,50k – 100k,3.0,Employed within 6 months,2.0,placement office is sleeping mostly,3.0,female campus teachers are strict about attendance,2.0,central library is huge but separate timing for girls,2.0,labs are outdated with old pcs,2.0,sports complex is there but no coaching,3.0,cafeteria is cheap,3.0,hostel rules are very conservative,1.0,events are not allowed mostly religious ones only,3.0,faisal mosque is the only landmark,2.0,bus transport is humiliatingly overcrowded,3.0,cheap degree but zero exposure,bus issues,patience,Maybe,budget friendly,No,Yes,,5,5,4,5,4,5,4,4,3,2,3,2,5,5,4,4,5,4,4,4,3,4,4,3,3,4,3,3,3,3,2,3,4,4,
Male,27.0,2016.0,2020.0,FSc Pre-Engineering,STEM,Electrical,"PIEAS, Islamabad",Islamabad,Studying only,Ranking,Engineering,Control Engineer,100k – 200k,5.0,Employed before graduation,5.0,fellowship guarantees a job at PAEC,5.0,faculty are top scientists,4.0,library is good for technical books,5.0,labs are best in country,4.0,sports are necessary to vent out stress,3.0,mess food is subsidized,5.0,hostel life is very community based,3.0,technical workshops only,3.0,nilore is a village basically no city life,5.0,admin is very efficient,5.0,elite institute but isolates you from world,heavy workload,focus,Yes,for genius students,Yes,Yes,,4,5,4,5,5,5,3,3,4,3,3,3,3,4,5,4,3,5,4,3,5,3,2,2,3,3,2,2,3,4,4,3,3,4,
Female,24.0,2019.0,2023.0,ICS,STEM,CS,"Bahria University, H-11 Campus, Islamabad",Islamabad,Studying only,Location,IT,Frontend Dev,50k – 100k,3.0,Employed within 12 months,2.0,CS placement is weak compared to business,3.0,faculty is mix of permanent and visiting,3.0,library is brand new,4.0,labs are new with good pcs,2.0,ground is full of dust and construction material,3.0,cafe is overpriced,1.0,,3.0,concerts happen but less than E-8,3.0,H-11 campus is still under construction,2.0,parking is a mud pit when it rains,3.0,average university experience,construction noise,adaptability,Maybe,social life is good,No,Yes,,5,5,4,5,4,5,4,4,3,4,2,2,4,4,5,5,5,1,3,1,3,3,4,3,2,2,4,3,3,2,3,3,4,4,
Male,23.0,2020.0,2024.0,A-Levels (Science),STEM,Civil,"NUTECH, Islamabad",Islamabad,Studying only,Location,Construction,Site Supervisor,50k – 100k,4.0,Employed within 6 months,5.0,fwo links help in getting internships,4.0,teachers are practical focused,3.0,library is small,5.0,labs are industrial standard,2.0,sports are limited,3.0,food is standard,1.0,,2.0,strictly study focus,4.0,campus is clean but small,5.0,army admin is very organized,4.0,good for practical skills,strict routine,punctuality,Yes,industry readiness,Yes,Yes,,4,5,5,5,5,4,2,4,2,4,4,3,5,3,4,3,4,1,3,3,3,3,4,2,2,2,3,4,4,2,3,2,4,4,
Female,22.0,2021.0,2025.0,I.Com,Social Sciences,Media,"Riphah International University, Islamabad",Islamabad,Studying only,Course outline,Media,Content Writer,50k – 100k,4.0,Employed within 6 months,3.0,media dept has good industry links,4.0,teachers are working professionals,3.0,studio is available,4.0,mac labs for editing,1.0,no sports for girls,3.0,desie food options,4.0,hostel is safe and strict,2.0,islamic events mostly,3.0,I-14 location is very far,4.0,islamic values are enforced,3.0,good for values based education,commute issues,ethics,Yes,conservative environment,Somewhat,Yes,Good experience.,4,2,4,4,3,4,2,3,3,4,2,4,4,4,4,4,2,3,3,4,4,2,5,5,5,4,4,4,3,2,3,4,3,3,
Male,25.0,2018.0,2022.0,ICS,STEM,CS,"FAST NUCES, Islamabad",Islamabad,Studying only,Job placement,IT,Data Scientist,100k – 200k,5.0,Employed before graduation,5.0,job market loves fast graduates,2.0,one credit hour feels like four here,3.0,library needs more charging spots,5.0,labs are good but crowded,1.0,no ground just a lawn,2.0,cafe food is unhealthy,1.0,,1.0,no social life whatsoever,2.0,campus is suffocating,1.0,management treats us like school kids,4.0,hate the process love the salary,ragra,resilience,Yes,for money,Yes,Yes,,5,5,5,4,5,5,2,4,3,4,4,3,3,4,5,3,5,3,5,5,3,4,4,4,4,4,2,4,4,4,2,2,4,4,
Female,24.0,2019.0,2023.0,FSc Pre-Engineering,STEM,Electrical,"NUST, Islamabad",Islamabad,Studying only,Ranking,Engineering,Telecom Engineer,50k – 100k,3.0,Employed within 12 months,3.0,electrical jobs are less generally,5.0,seecs faculty is very demanding,5.0,library is my second home,5.0,labs are world class,4.0,swimming pool is nice,5.0,C3 cafe has best biryani,4.0,hostel washing machines are always busy,5.0,olympiad nights are memorable,5.0,H-12 is green and peaceful,3.0,relative grading is unfair,4.0,amazing experience overall,tough grading,networking,Yes,brand name,Somewhat,Yes,,4,5,5,5,5,5,3,2,2,4,2,4,4,5,5,5,4,4,5,3,3,5,2,3,3,2,2,2,4,2,2,3,3,4,
Male,26.0,2017.0,2021.0,A-Levels (Mixed),Business & Economics,Economics,"Quaid-e-azam University, Islamabad",Islamabad,Studying only,Ranking,Business,Analyst,50k – 100k,4.0,Employed within 12 months,2.0,no corporate networking here,5.0,economics school is prestigious,3.0,library has rare books,1.0,,4.0,walking in university is hiking,3.0,huts food is cheap and tasty,4.0,hostel life is very political,3.0,ethnic councils control events,5.0,nature is beautiful,2.0,admin is bureaucratic,4.0,academically strong,politics,critical theory,Yes,for research,No,No,,3,4,4,4,4,4,5,5,4,5,5,5,2,3,3,4,3,4,2,4,3,4,2,3,2,2,3,4,4,5,5,4,5,5,
Female,23.0,2020.0,2024.0,ICS,STEM,SE,"Szabist, Islamabad",Islamabad,Studying only,Location,IT,SQAE,50k – 100k,3.0,Employed within 3 months,3.0,alumni help in finding jobs,3.0,visiting faculty is hit or miss,2.0,library is just a room,2.0,labs are average,1.0,table tennis only,2.0,tuck shop has limited items,1.0,,3.0,zambeel fest is fun,2.0,campus is a corporate building,3.0,staff is helpful,3.0,good degree no campus life,elevator traffic,corporate grooming,Maybe,convenient location,Somewhat,Yes,,5,4,4,4,4,4,4,3,4,2,4,2,3,4,3,3,3,3,2,1,1,1,4,4,3,4,4,3,4,2,4,2,2,4,
Male,24.0,2019.0,2023.0,FSc Pre-Engineering,STEM,Civil,"Capital University Of Science And Technology, Islamabad",Islamabad,Studying along with a job,Influence of teachers,Construction,Surveyor,50k – 100k,3.0,Employed within 12 months,3.0,placement bureau is active,4.0,civil faculty is experienced,3.0,portal is good,5.0,civil labs are heavy duty,4.0,basketball court is popular,3.0,cafe is clean,1.0,,3.0,visio spark is the main event,4.0,building is purpose built,3.0,fines for dress code,3.0,good facilities,strict rules,discipline,Maybe,backup option,Somewhat,Yes,,3,5,3,4,4,5,3,2,4,2,4,2,5,4,4,5,4,5,3,4,5,5,3,3,3,4,3,4,3,4,3,2,4,2,
Female,22.0,2021.0,2025.0,I.Com,Social Sciences,Psychology,"Bahria University, E-8 Campus, Islamabad",Islamabad,Studying only,Location,Healthcare,Counselor,Less than 50k,4.0,Still searching,2.0,placement is weak for social sciences,4.0,psychology dept is good,3.0,library is quiet,1.0,,2.0,gym is small,4.0,cafe has good variety,1.0,,4.0,social events are frequent,4.0,E-8 is safe and posh,2.0,parking is a daily struggle,4.0,good environment,parking stress,confidence,Yes,social life,No,Yes,,4,2,3,3,2,3,4,2,4,2,3,4,2,3,2,2,4,3,3,2,3,3,4,4,4,5,4,4,3,5,4,3,4,3,
Male,25.0,2018.0,2022.0,ICS,STEM,CS,"Federal Urdu University, Islamabad",Islamabad,Studying along with a job,Fee structure,IT,Support,Less than 50k,2.0,Still searching,1.0,no placement support,2.0,teachers are often late,1.0,library is empty,1.0,labs have broken pcs,1.0,no sports,2.0,canteen is dirty,1.0,,1.0,no events,1.0,rented building,1.0,admin loses forms,1.0,waste of time,power cuts,self study,No,degree mill,No,Yes,,5,5,4,4,5,4,3,2,3,2,3,2,5,5,5,5,5,2,2,2,3,3,2,2,2,3,3,4,2,3,4,3,2,2,
,,,,,,,,,,,,,,,,,,,,,,,,,,,,,,,,,,,,,,,,,,Somewhat,Yes,,3,4,4,2,2,4,4,2,2,2,2,3,3,4,3,2,4,4,3,3,2,2,4,3,3,2,3,3,2,3,4,2,3,4,
Male,23.0,2020.0,2024.0,ICS,STEM,AI,"FAST NUCES, Islamabad",Islamabad,Studying only,Job placement,IT,AI Engineer,100k – 200k,5.0,Employed before graduation,5.0,industry prefers us over nustians for coding roles,2.0,dr wseem is good but grading is absolute hell,3.0,library is decent but finding a seat is a war,5.0,gpu labs are the only reason i survived fyp,1.0,ground is literally a patch of dirt,2.0,cafe food is basically grease and oil,1.0,,1.0,we dont have events we have deadlines,2.0,campus is too small for 3000 students,2.0,academic office is useless they lose forms,4.0,4 years of torture for a lifetime of ease,grade deflation,resilience,Yes,high paying jobs,Yes,Yes,,5,5,5,5,4,4,3,2,4,4,3,3,5,4,5,5,4,3,2,1,2,2,3,2,3,3,2,3,4,2,3,3,3,3,
Female,24.0,2019.0,2023.0,FSc Pre-Engineering,STEM,Chemical Engineering,"NUST, Islamabad",Islamabad,Studying only,Ranking,Engineering,Process Engineer,50k – 100k,3.0,Employed within 12 months,4.0,scme has good links with fertilizer companies,5.0,faculty is research focused which is good for masters,5.0,central library has everything,5.0,labs are state of the art specifically mass transfer lab,4.0,swimming pool is clean,5.0,concordia 1 tea is an addiction,4.0,fatima hostel is strict about the 9pm curfew,5.0,olympiad opening ceremony was magical,5.0,H-12 is the most beautiful campus in pakistan,3.0,shuttle buses are always full in mornings,5.0,proud to be an nustian,relative grading stress,networking,Yes,elite alumni network,Yes,Yes,,3,4,3,5,5,4,4,2,3,2,3,2,4,5,4,4,4,1,2,3,2,3,2,2,4,4,3,4,3,4,4,4,4,3,
Male,25.0,2018.0,2022.0,ICS,STEM,SE,"Comsats University Islamabad, Islamabad",Islamabad,Studying only,Location,IT,Mobile Dev,50k – 100k,3.0,Employed within 6 months,3.0,placement office is average,2.0,visiting faculty cancels classes last minute,4.0,junaid zaidi library is aesthetic,3.0,labs are okay but ac is often not working,4.0,football ground is active,5.0,ayaans paratha roll is legendary,2.0,private hostels in park road are shady,4.0,student week is the only fun time,3.0,campus is nice but dogs are everywhere,2.0,guards check id cards like border patrol,3.0,decent option if you cant afford nust,bus transport issues,patience,Yes,balanced uni life,Somewhat,Yes,Good experience.,4,5,5,4,4,5,4,4,2,2,4,3,5,5,5,5,5,2,4,2,2,3,2,2,4,4,3,2,4,4,3,2,4,3,
Female,23.0,2020.0,2024.0,A-Levels (Business),Business & Economics,Accounting & Finance,"Bahria University, E-8 Campus, Islamabad",Islamabad,Studying along with a job,Location,Finance,Tax Associate,50k – 100k,4.0,Employed within 6 months,3.0,business school gets more attention than engineering,4.0,teachers are ca qualified mostly,3.0,library is cozy,2.0,computer labs are old,2.0,gym is tiny,4.0,cafe has subway so its good,1.0,,4.0,concerts are frequent,4.0,E-8 is very secure and posh,2.0,parking space is non existent,4.0,good social life and degree,parking wars,confidence,Yes,grooming,Somewhat,Yes,,1,1,1,3,1,1,4,5,4,5,5,4,2,2,2,3,3,2,4,4,3,4,4,3,3,4,2,2,4,3,5,3,4,4,
Male,26.0,2017.0,2021.0,FSc Pre-Engineering,Social Sciences,Pol Science,"Quaid-e-azam University, Islamabad",Islamabad,Studying only,Ranking,Media,Journalist,50k – 100k,4.0,Employed within 12 months,1.0,zero help for jobs you are on your own,5.0,school of politics is historic,3.0,library is huge but old,1.0,,5.0,hiking behind the campus is best,4.0,huts chai is emotion,2.0,hostel councils are violent sometimes,3.0,cultural nights are very ethnic based,5.0,best natural environment in islamabad,2.0,strikes happen every year delaying degree,4.0,intellectually stimulating,campus politics,critical analysis,Yes,for css aspirants,No,Yes,,2,3,2,3,3,2,3,2,3,4,2,3,3,4,5,5,3,2,4,4,3,2,4,5,5,4,5,5,5,3,4,3,5,4,
Male,24.0,2019.0,2023.0,ICS,STEM,Gaming,"Air University, Islamabad",Islamabad,Studying only,Location,IT,Game Dev,100k – 200k,4.0,Employed within 3 months,4.0,gaming and multimedia dept is unique here,4.0,teachers are actually gamers,4.0,library is good,5.0,vr labs are available,2.0,sports are limited,3.0,cafe is small,1.0,,3.0,air tech gaming competition is fun,4.0,margalla view is nice,5.0,very strict discipline no bunking allowed,4.0,good niche field,strict attendance,focus,Yes,for gaming niche,Yes,Yes,,3,3,4,5,5,4,2,3,3,4,4,2,5,5,5,5,4,1,2,1,3,1,2,3,2,4,4,3,3,3,2,4,3,3,
Female,22.0,2021.0,2025.0,FSc Pre-Medical,STEM,Psychology,"NUST, Islamabad",Islamabad,Studying only,Ranking,Healthcare,Counselor,Less than 50k,3.0,Still searching,2.0,s3h placement is weak compared to engineering,5.0,faculty is foreign qualified,5.0,library is great,3.0,labs are okay,4.0,sports complex is good,5.0,c2 food court has everything,4.0,hostels are safe,5.0,olympiad is amazing,5.0,H-12 is love,3.0,course registration on cms is a nightmare,4.0,great experience but job market is tough,gpa pressure,empathy,Yes,brand name,No,Yes,None.,5,5,5,5,5,4,4,3,2,3,3,3,5,4,5,5,5,4,2,2,4,3,2,3,2,2,4,3,2,4,2,2,3,4,
Male,25.0,2018.0,2022.0,DAE / Diploma,STEM,Electrical,"Institute Of Space Technology, Islamabad",Islamabad,Studying only,Ranking,Engineering,Avionics Engineer,100k – 200k,4.0,Employed within 6 months,4.0,aviation industry prefers IST grads,4.0,teachers are ex air force mostly,3.0,library is standard,5.0,avionics labs are expensive and good,3.0,sports gala is competitive,3.0,canteen is average,3.0,hostel is far,4.0,space week is cool,4.0,scenic location but far,4.0,disciplined admin,4.0,specialized degree,commute,discipline,Yes,for aviation,Yes,Yes,,5,5,4,5,4,4,3,4,4,4,2,3,5,4,5,5,4,3,2,3,3,3,2,3,4,4,3,4,2,4,2,3,2,4,
Female,23.0,2020.0,2024.0,ICS,STEM,CS,"International Islamic University, Islamabad",Islamabad,Studying only,Fee structure,IT,Teacher,Less than 50k,2.0,Still searching,1.0,placement office is dead,3.0,female teachers are strict,2.0,library is segregated and timing is issue,2.0,labs have old dual core pcs,2.0,sports complex is unmaintained,3.0,cafeteria is cheap,3.0,hostel is like a prison,1.0,no music events allowed,3.0,faisal mosque view is nice,2.0,buses are dangerously overcrowded,3.0,budget friendly but frustrating,bus suffocations,patience,Maybe,if budget is tight,No,Yes,,3,5,3,4,4,3,3,4,2,2,3,2,4,5,4,4,4,5,5,4,4,4,4,2,3,4,2,4,4,4,4,2,3,2,
Male,27.0,2016.0,2020.0,FSc Pre-Engineering,STEM,Mechanical,"PIEAS, Islamabad",Islamabad,Studying only,Ranking,Engineering,Mechanical Engineer,100k – 200k,5.0,Employed before graduation,5.0,paec job is guaranteed for fellows,5.0,faculty are top researchers,4.0,library is technical focused,5.0,labs are best in pakistan,4.0,sports are vital here,3.0,mess food is average,5.0,hostel community is strong,3.0,technical events only,3.0,isolated location,5.0,smooth process,5.0,best engineering institute,workload,time mgmt,Yes,for merit holders,Yes,Yes,,4,4,4,3,3,4,2,2,3,2,2,3,5,4,5,3,4,5,4,3,5,5,4,3,4,2,4,4,4,2,2,4,2,4,
Female,24.0,2019.0,2023.0,ICS,STEM,IT,"Bahria University, H-11 Campus, Islamabad",Islamabad,Studying only,Location,IT,SQAE,50k – 100k,3.0,Employed within 12 months,2.0,IT placement is slower than E-8,3.0,faculty is new mostly,3.0,library is new and empty,4.0,labs are good,2.0,ground is dusty,3.0,cafe is costly,1.0,,3.0,events happen often,3.0,H-11 is still building up,2.0,parking is a mud pit,3.0,okay experience,dust allergy,social skills,Maybe,good social life,No,Yes,,5,5,5,5,5,4,3,2,3,3,3,3,5,4,5,4,5,2,2,2,4,2,2,4,4,4,3,3,2,3,4,2,4,4,
Male,23.0,2020.0,2024.0,A-Levels (Science),STEM,Civil,"NUTECH, Islamabad",Islamabad,Studying only,Location,Construction,Quantity Surveyor,50k – 100k,4.0,Employed within 6 months,5.0,nlc and fwo take interns,4.0,practical based learning,3.0,library is small,5.0,labs are industrial,2.0,sports are less,3.0,food is standard,1.0,,2.0,study focus,4.0,clean campus,5.0,army discipline is visible,4.0,job ready skills,strict routine,discipline,Yes,industry focused,Yes,Yes,,5,3,4,5,5,5,2,4,3,4,3,3,5,5,4,4,4,4,2,2,3,2,3,3,2,2,3,2,4,4,3,3,3,4,
Female,22.0,2021.0,2025.0,I.Com,Social Sciences,Media,"Riphah International University, Islamabad",Islamabad,Studying only,Course outline,Media,Social Media Manager,50k – 100k,4.0,Employed within 6 months,3.0,media dept is active,4.0,teachers are industry professionals,3.0,studio is nice,4.0,editing labs are mac based,1.0,no sports for girls,3.0,food is desie style,4.0,hostel is secure,2.0,islamic events,3.0,I-14 is far,4.0,islamic ethics,3.0,value based education,commute,values,Yes,conservative environment,Somewhat,Yes,,3,3,2,3,2,3,3,2,3,2,4,3,4,5,4,3,4,3,3,2,4,2,3,4,4,3,5,5,4,2,4,3,3,4,
Male,25.0,2018.0,2022.0,ICS,STEM,CS,"FAST NUCES, Islamabad",Islamabad,Studying only,Job placement,IT,Data Analyst,100k – 200k,5.0,Employed before graduation,5.0,market value of fast degree is insane,2.0,teachers take pride in failing students,3.0,library is small,5.0,labs are home during fyp,1.0,no sports just studies,2.0,cafe food is bad,1.0,,1.0,no life,2.0,campus is suffocating,1.0,management is rude,4.0,worth the pain,mental stress,coding skills,Yes,for money,Yes,Yes,,4,5,5,5,5,5,2,2,3,3,4,3,3,5,5,3,5,1,1,3,1,2,3,4,2,2,4,2,4,3,3,4,2,2,
Female,24.0,2019.0,2023.0,FSc Pre-Engineering,STEM,Electrical,"NUST, Islamabad",Islamabad,Studying only,Ranking,Engineering,Network Engineer,50k – 100k,4.0,Employed within 12 months,3.0,core jobs are less,5.0,seecs faculty is tough,5.0,library is amazing,5.0,labs are great,4.0,pool is nice,5.0,C1 cafe is best,4.0,hostel is safe,5.0,olympiad is fun,5.0,H-12 is green,3.0,relative grading sucks,4.0,great experience,relative grading,networking,Yes,brand name,Somewhat,Yes,,4,4,3,3,4,4,2,4,3,2,4,2,3,5,3,5,5,5,5,4,4,4,3,3,4,4,3,4,3,3,2,4,3,3,
Male,26.0,2017.0,2021.0,A-Levels (Mixed),Business & Economics,Economics,"Quaid-e-azam University, Islamabad",Islamabad,Studying only,Ranking,Business,Research Analyst,50k – 100k,4.0,Employed within 12 months,2.0,academic path mostly,5.0,best economics school,3.0,library is historic,1.0,,4.0,walking tracks,3.0,huts food,4.0,hostel politics,3.0,ethnic councils,5.0,nature,2.0,admin is slow,4.0,academic excellence,strikes,theory,Yes,for research,No,Yes,,1,2,2,2,2,2,5,5,5,5,5,5,3,3,4,4,4,3,3,2,4,3,2,2,2,4,2,3,4,5,4,5,5,5,
Female,23.0,2020.0,2024.0,ICS,STEM,CS,"Szabist, Islamabad",Islamabad,Studying only,Location,IT,Web Dev,50k – 100k,3.0,Employed within 3 months,3.0,alumni network is good,3.0,visiting faculty,2.0,library is small,2.0,labs are okay,1.0,table tennis,2.0,tuck shop,1.0,,3.0,zambeel fest,2.0,commercial building,3.0,staff is nice,3.0,good degree,elevator lines,corporate skills,Maybe,location,Somewhat,Yes,,3,5,4,5,4,4,4,2,2,4,4,4,4,5,5,4,4,4,4,5,5,4,4,2,2,3,4,2,2,3,4,3,3,2,
Male,24.0,2019.0,2023.0,FSc Pre-Engineering,STEM,Civil,"Capital University Of Science And Technology, Islamabad",Islamabad,Studying along with a job,Influence of teachers,Construction,Engineer,50k – 100k,3.0,Employed within 12 months,3.0,placement is active,4.0,civil faculty is good,3.0,portal is nice,5.0,labs are heavy,4.0,basketball,3.0,cafe is clean,1.0,,3.0,visio spark,4.0,purpose built,3.0,fines,3.0,good facilities,strictness,discipline,Maybe,backup,Somewhat,No,,5,5,5,4,4,5,3,4,2,3,3,3,4,3,5,3,3,3,2,1,1,1,4,4,3,3,3,3,3,2,4,4,2,2,
Female,22.0,2021.0,2025.0,I.Com,Social Sciences,Psychology,"Bahria University, E-8 Campus, Islamabad",Islamabad,Studying only,Location,Healthcare,Intern,Less than 50k,4.0,Still searching,2.0,weak placement,4.0,good faculty,3.0,library is quiet,1.0,,2.0,gym,4.0,cafe variety,1.0,,4.0,social events,4.0,posh area,2.0,parking issue,4.0,good environment,parking,confidence,Yes,social life,No,Yes,,4,4,3,3,2,3,2,4,2,3,4,4,2,4,2,3,3,3,3,2,3,2,4,4,5,4,5,5,2,3,4,4,4,3,
Male,25.0,2018.0,2022.0,ICS,STEM,IT,"Federal Urdu University, Islamabad",Islamabad,Studying along with a job,Fee structure,IT,Technician,Less than 50k,2.0,Still searching,1.0,no help,2.0,absent teachers,1.0,no books,1.0,broken labs,1.0,no sports,2.0,bad canteen,1.0,,1.0,no events,1.0,rented house,1.0,incompetent admin,1.0,mistake,power cuts,self help,No,avoid it,No,Yes,,5,5,3,4,4,3,4,2,4,2,4,3,5,5,5,5,4,4,3,2,4,4,2,4,2,4,2,3,4,2,4,4,3,2,
,,,,,,,,,,,,,,,,,,,,,,,,,,,,,,,,,,,,,,,,,,Somewhat,Yes,,3,3,4,3,4,3,2,2,4,2,4,2,4,2,4,4,4,3,4,3,3,2,4,3,3,2,3,2,4,4,2,3,4,2,
Male,22.0,2021.0,2025.0,ICS,STEM,CS,"FAST NUCES, Islamabad",Islamabad,Studying only,Job placement,IT,Flutter Dev,100k – 200k,5.0,Employed before graduation,5.0,we have 100% employment rate basically,2.0,one teacher failed half the class to maintain the curve,3.0,library is quiet but ac doesnt work half the time,5.0,labs are good but installing software requires admin permission,1.0,ground? what ground?,2.0,suffa is okay but hygiene is questionable,1.0,,1.0,dc committee cancels events if boys and girls stand too close,2.0,campus is suffocatingly small,1.0,management is obsessed with fines,4.0,it breaks you then builds you,dc committee terror,coding survival,Yes,guaranteed career,Yes,Yes,,5,5,5,4,4,4,4,4,2,2,3,2,5,5,5,5,5,3,4,2,2,3,3,4,4,2,3,3,4,3,2,2,3,4,
Female,24.0,2019.0,2023.0,A-Levels (Business),Business & Economics,BBA,"NUST, Islamabad",Islamabad,Studying only,Ranking,Business,HR Manager,50k – 100k,4.0,Employed within 6 months,4.0,nbs career fair is elite,5.0,nbs faculty is more chill than engineering ones,5.0,central library is a mood,2.0,computer labs in nbs are slow,4.0,gym is good but membership is extra,5.0,c4 cafe has the best environment,4.0,fatima hostel is safe,5.0,orientation week is the best memory,5.0,H-12 is literally a city,3.0,guards at gate 1 are very rude about dress code,5.0,best university experience in pakistan,strict dress code,grooming,Yes,holistic growth,Yes,Yes,,2,3,3,2,3,1,3,4,5,3,3,4,3,3,3,3,2,3,4,2,2,3,3,2,4,4,4,2,3,5,4,5,4,5,
Male,25.0,2018.0,2022.0,FSc Pre-Engineering,STEM,Electrical,"Comsats University Islamabad, Islamabad",Islamabad,Studying only,Location,Engineering,Network Engineer,50k – 100k,3.0,Employed within 12 months,3.0,placement office is just for show,3.0,faculty is knowledgeable but not helpful,4.0,digital library access is seamless,3.0,labs are functional,4.0,football ground is always busy,5.0,ayaans chai with paratha is therapy,2.0,hostel life is messy,4.0,concerts are lit,3.0,campus is huge but walking is tiring,1.0,the yellow buses are death traps so overcrowded,3.0,good value for money,transport struggle,patience,Yes,affordable degree,Somewhat,Yes,,3,4,5,5,4,5,3,4,2,4,2,4,3,4,3,3,5,2,3,2,3,3,2,4,4,2,3,3,3,4,2,3,3,3,
Female,23.0,2020.0,2024.0,ICS,STEM,SE,"Bahria University, E-8 Campus, Islamabad",Islamabad,Studying along with a job,Location,IT,QA Intern,Less than 50k,3.0,Still searching,2.0,placement focuses on business grads,3.0,faculty is okay mostly visiting,3.0,library is good,4.0,labs are new,2.0,gym is small,4.0,cafe is the main hangout spot,1.0,,4.0,welcome parties are fun,4.0,E-8 is secure,2.0,parking is a war zone daily,3.0,good social life average academics,parking rage,socializing,Maybe,fun uni life,No,Yes,,5,5,5,5,4,5,4,2,3,3,2,3,5,5,4,4,4,3,2,2,2,3,2,3,4,2,3,2,3,2,4,2,2,2,
Male,26.0,2017.0,2021.0,FSc Pre-Engineering,Social Sciences,History,"Quaid-e-azam University, Islamabad",Islamabad,Studying only,Ranking,Education,Lecturer,50k – 100k,4.0,Employed within 12 months,1.0,no career support,5.0,history dept faculty is legendary,2.0,library is dusty,1.0,,5.0,hiking trails are part of campus,4.0,huts food is cheap and best,2.0,hostel councils are scary,3.0,cultural nights only,5.0,campus is a jungle literally,2.0,admin is stuck in 1980s,4.0,intellectually free environment,council fights,history awareness,Yes,for intellectuals,No,Yes,,4,4,4,4,2,3,4,4,3,2,4,2,2,4,3,2,4,2,3,2,4,2,4,5,3,4,5,5,3,2,4,4,2,2,
Female,22.0,2021.0,2025.0,FSc Pre-Medical,STEM,Psychology,"Air University, Islamabad",Islamabad,Studying only,Location,Healthcare,Counselor,Less than 50k,4.0,Still searching,2.0,no jobs for psychology,5.0,faculty is very supportive,3.0,library is small,1.0,,2.0,sports are rare,3.0,cafe is average,1.0,,3.0,airtech only,4.0,margalla view is nice,5.0,discipline is strict,4.0,safe and disciplined environment,strict rules,discipline,Yes,safe environment,No,Yes,,4,4,4,5,5,5,3,2,4,2,3,4,4,5,5,4,5,4,4,3,4,3,2,2,3,3,2,4,4,3,2,2,3,4,
Male,24.0,2019.0,2023.0,ICS,STEM,Cyber Security,"NUST, Islamabad",Islamabad,Studying only,Ranking,IT,SOC Analyst,100k – 200k,5.0,Employed within 3 months,4.0,nust tag gets you through cv screening,4.0,mcs faculty is strict but good,4.0,library is good,5.0,military college of signals labs are restricted but high tech,4.0,sports are compulsory,3.0,mess food is army style,4.0,cadets hostel is strict,3.0,passing out parade is cool,4.0,campus is in rawalpindi not h-12 so feel excluded,5.0,army discipline is high,4.0,disciplined and skilled,strict routine,discipline,Yes,prestigious,Yes,Yes,,4,5,5,5,5,5,2,4,2,2,3,2,3,5,5,5,5,5,3,3,4,3,3,3,3,3,4,3,4,2,2,4,4,3,
Female,25.0,2018.0,2022.0,A-Levels (Arts),Arts & Humanities,English,"Foundation University, Islamabad",Islamabad,Studying only,Location,Education,Teacher,Less than 50k,3.0,Employed within 6 months,3.0,school placement helps,4.0,english dept is good,3.0,library is decent,1.0,,2.0,sports ground,4.0,cafeteria is clean,1.0,,3.0,events are decent,4.0,campus is clean,4.0,admin is responsive,3.0,good for girls,dress code,confidence,Yes,safe environment,Somewhat,Yes,,2,4,3,2,4,3,2,2,1,1,1,1,3,2,3,4,2,5,5,5,4,5,3,2,4,3,3,3,4,4,4,2,2,3,
Male,23.0,2020.0,2024.0,DAE / Diploma,STEM,Electrical,"Federal Urdu University, Islamabad",Islamabad,Studying along with a job,Fee structure,Engineering,Technician,Less than 50k,2.0,Still searching,1.0,placement cell is non existent,2.0,teachers skip classes,1.0,library has no books,1.0,labs have no equipment,1.0,no sports,2.0,canteen is dirty,1.0,,1.0,no events,1.0,rented building,1.0,admin demands bribes sometimes,1.0,worst mistake of my life,financial loss,self reliance,No,degree mill,No,Yes,None.,4,5,5,4,5,5,2,4,2,2,3,4,3,3,5,5,3,4,2,4,4,3,4,4,4,4,3,2,4,2,3,3,3,4,
Female,24.0,2019.0,2023.0,FSc Pre-Engineering,STEM,Architecture,"Comsats University Islamabad, Islamabad",Islamabad,Studying only,Ranking,Architecture,Architect,50k – 100k,4.0,Employed within 6 months,2.0,architecture jobs are word of mouth,5.0,faculty pushes you to limit,4.0,design library is good,5.0,studios are vibrant,2.0,no time for sports,4.0,cafe is life,2.0,hostels are unsafe,4.0,thesis jury is a festival,4.0,campus red bricks are aesthetic,3.0,guards are rude,4.0,creative freedom,jury stress,creativity,Yes,good design program,No,Yes,,4,4,4,4,5,5,4,4,3,4,3,3,5,4,5,3,5,5,5,5,3,4,2,2,3,2,4,4,3,3,2,4,2,2,
Male,27.0,2016.0,2020.0,A-Levels (Mixed),Business & Economics,Economics,"NUST, Islamabad",Islamabad,Studying only,Ranking,Business,Data Analyst,100k – 200k,4.0,Employed within 12 months,4.0,s3h graduates get good roles,5.0,economics faculty is top tier,5.0,library is massive,3.0,labs are standard,5.0,sports complex,5.0,c2 biryani,4.0,hostel life,5.0,olympiad,5.0,H-12 is green,3.0,relative grading,5.0,best brand name,grading stress,analysis,Yes,top university,Yes,Yes,None.,3,2,2,2,2,2,3,5,4,5,3,5,4,4,3,4,4,3,2,4,4,3,3,2,2,2,2,3,5,5,5,5,5,4,
Female,22.0,2021.0,2025.0,I.Com,Business & Economics,BBA,"Szabist, Islamabad",Islamabad,Studying only,Location,Business,Marketing Intern,Less than 50k,3.0,Still searching,3.0,alumni network helps,3.0,corporate teachers,2.0,library is small,2.0,labs are average,1.0,table tennis,2.0,tuck shop,1.0,,3.0,zambeel fest,2.0,building campus,3.0,polite staff,3.0,degree is recognized,elevator queues,presentation,Maybe,location advantage,Somewhat,Yes,,1,1,2,1,1,3,5,5,5,4,4,5,3,3,3,2,4,2,3,3,4,3,3,4,2,2,2,4,5,3,4,3,4,4,
Male,25.0,2018.0,2022.0,ICS,STEM,CS,"Bahria University, H-11 Campus, Islamabad",Islamabad,Studying only,Location,IT,Web Dev,50k – 100k,3.0,Employed within 12 months,2.0,H-11 placement is weaker than E-8,3.0,new faculty,3.0,new library,4.0,new labs,2.0,dust everywhere,3.0,cafe is pricey,1.0,,3.0,events are okay,3.0,under construction,2.0,parking mud,3.0,average,construction noise,adaptability,Maybe,social life,No,No,,4,5,4,3,4,4,2,4,2,3,3,4,4,5,5,5,4,3,5,4,4,4,2,4,4,4,4,2,2,4,3,4,4,4,
Female,23.0,2020.0,2024.0,FSc Pre-Medical,STEM,Biotechnology,"International Islamic University, Islamabad",Islamabad,Studying only,Fee structure,Research,Lab Assistant,Less than 50k,3.0,Still searching,1.0,no biotech jobs,3.0,female campus is strict,2.0,library is segregated,3.0,labs are decent,2.0,sports complex,3.0,cheap food,3.0,strict hostel,1.0,religious events,3.0,mosque view,2.0,bus transport,3.0,affordable,bus rush,patience,Maybe,cheap option,No,Yes,,5,5,5,4,4,4,3,2,3,4,2,3,5,4,4,4,4,3,3,2,3,2,3,3,3,3,3,4,4,4,2,4,3,2,
Male,24.0,2019.0,2023.0,DAE / Diploma,STEM,Civil,"Capital University Of Science And Technology, Islamabad",Islamabad,Studying along with a job,Influence of teachers,Construction,Surveyor,50k – 100k,3.0,Employed within 12 months,3.0,placement is active,4.0,faculty is experienced,3.0,portal is good,5.0,labs are heavy,4.0,basketball,3.0,cafe is clean,1.0,,3.0,visio spark,4.0,purpose built,3.0,dress code fines,3.0,good facilities,strictness,discipline,Maybe,backup option,Somewhat,Yes,,5,5,5,4,5,5,4,3,2,3,3,4,5,5,4,5,5,3,1,1,3,3,2,3,2,2,4,4,4,3,4,2,3,3,
Female,26.0,2017.0,2021.0,A-Levels (Arts),Social Sciences,IR,"National Defence University, Islamabad",Islamabad,Studying along with a job,Reputation,Government,Research Officer,100k – 200k,5.0,Employed within 12 months,3.0,govt jobs require exams,5.0,faculty is elite,4.0,defense library,1.0,,3.0,gym,4.0,officers mess,1.0,,3.0,seminars,5.0,secure zone,3.0,security checks,5.0,prestigious,security protocol,policy making,Yes,elite network,Somewhat,Yes,,4,2,2,3,3,4,2,4,4,3,3,4,4,3,2,2,4,2,4,3,4,3,5,4,5,5,5,5,3,4,4,4,3,4,
Male,23.0,2020.0,2024.0,ICS,STEM,CS,"FAST NUCES, Islamabad",Islamabad,Studying only,Job placement,IT,DevOps,100k – 200k,5.0,Employed before graduation,5.0,instant job,2.0,grading is brutal,3.0,library is crowded,5.0,labs are home,1.0,no sports,2.0,oily food,1.0,,1.0,no life,2.0,small campus,1.0,rude admin,4.0,worth it,depression,coding,Yes,money,Yes,No,,4,5,4,5,5,5,2,2,4,2,4,3,5,5,5,4,4,1,2,3,3,3,2,3,3,3,4,2,4,3,2,3,3,3,
Female,22.0,2021.0,2025.0,I.Com,Social Sciences,Media,"Riphah International University, Islamabad",Islamabad,Studying only,Course outline,Media,Social Media,50k – 100k,4.0,Employed within 6 months,3.0,industry links,4.0,practical teachers,3.0,studio,4.0,mac labs,1.0,no sports,3.0,desie food,4.0,safe hostel,2.0,islamic events,3.0,far location,4.0,islamic values,3.0,good values,commute,ethics,Yes,conservative,Somewhat,Yes,,2,3,2,3,4,3,2,3,2,4,2,3,3,5,3,4,3,3,3,3,4,4,5,3,5,5,3,4,3,4,3,3,3,4,
Male,25.0,2018.0,2022.0,FSc Pre-Engineering,STEM,Electrical,"PIEAS, Islamabad",Islamabad,Studying only,Ranking,Engineering,Electrical Engineer,100k – 200k,5.0,Employed before graduation,5.0,paec job,5.0,top scientists,4.0,technical library,5.0,top labs,4.0,sports,3.0,average food,5.0,community,3.0,workshops,3.0,isolated,5.0,efficient,5.0,elite,workload,focus,Yes,merit,Yes,Yes,,5,4,4,3,4,5,4,3,2,4,3,3,5,4,5,4,4,2,3,3,4,4,2,3,2,3,2,3,2,3,4,4,3,3,
Female,24.0,2019.0,2023.0,ICS,STEM,Software Engineering,"Air University, Islamabad",Islamabad,Studying only,Location,IT,SQAE,100k – 200k,4.0,Employed within 3 months,4.0,job fair,4.0,supportive faculty,3.0,small library,4.0,good labs,2.0,limited sports,3.0,average cafe,1.0,,3.0,airtech,4.0,clean campus,5.0,strict admin,4.0,good mid tier,strictness,coding,Yes,disciplined,Yes,Yes,,4,4,5,4,3,5,2,4,3,2,3,4,5,5,5,5,5,2,2,2,3,1,2,4,3,4,2,3,3,2,3,3,4,2,
